1,Mark Johnson,6,Murloc,Overkill,Legendary,1,2,14
2,Brad Walker,6,Beast,Battle cry,Legendary,20,3,11
3,Karen Walker,10,Dragon,Taunt,Base,12,20,19
4,Robert Hernandez Jr.,15,Totem,Divine shield,Epic,10,9,5
5,Allison Kirby,2,Beast,Overkill,Rare,20,1,4
6,Kyle Bailey,10,Pirat,Rush,Common,18,2,9
7,Casey Sutton,5,Beast,Non-target,Epic,12,8,5
8,Joshua Mckay,4,Elemental,Deathrattle,Legendary,4,0,22
9,Phillip Medina PhD,6,Mechanism,Lifesteal,Rare,5,10,20
10,Lindsay Kirby,11,Beast,Divine shield,Base,2,1,6
11,Robert Peterson,14,Pirat,Divine shield,Common,18,11,18
12,Gary Kennedy,6,Mechanism,Poisonous,Epic,4,0,25
13,Jonathan Garcia,8,Dragon,Poisonous,Epic,7,15,20
14,Nichole Shepherd,13,Totem,Battle cry,Epic,18,6,14
15,Miss Courtney Crawford,4,Dragon,Divine shield,Base,12,17,21
16,Robert Moyer,14,Pirat,Mega windfury,Epic,2,5,20
17,Sara Grimes,15,Pirat,Overkill,Legendary,9,10,16
18,Eric Wilkins,10,Pirat,Divine shield,Rare,5,11,3
19,Andrew Rivera,7,Pirat,Deathrattle,Common,7,18,20
20,Robert Carr,11,Pirat,Stealth,Base,1,14,2
21,Jeanette Burch,1,Beast,Taunt,Common,16,4,19
22,Stephanie Hebert,4,Beast,Windfury,Common,2,11,11
23,Zachary Brown,8,Murloc,Stealth,Base,19,18,17
24,Jennifer Campos,14,Demon,Overkill,Epic,11,2,8
25,Jason Snyder,9,Beast,Deathrattle,Rare,10,19,1
26,Sean Pierce,4,Murloc,Windfury,Base,15,15,22
27,Heather Price,4,Mechanism,Mega windfury,Common,12,14,9
28,Karen Wilson,5,Murloc,Rush,Common,3,3,1
29,William Mccall,13,Totem,Poisonous,Base,13,14,13
30,Brian Hester,3,Dragon,Overkill,Legendary,17,9,23
31,Linda Smith,14,Pirat,Overkill,Common,12,17,19
32,Dennis Wade,7,Demon,Stealth,Base,15,11,23
33,Jeffery Acosta,6,Beast,Battle cry,Legendary,7,7,7
34,Lawrence Barrett,10,Pirat,Battle cry,Common,6,0,9
35,Wanda Davis,5,Beast,Non-target,Rare,3,4,14
36,Shari Rivera,9,Elemental,Lifesteal,Common,18,9,2
37,Tim Campos,3,Dragon,Rush,Epic,15,13,8
38,Tyler Murphy DDS,10,Dragon,Windfury,Rare,17,15,18
39,Terry Walker,4,Mechanism,Taunt,Epic,12,19,0
40,Jared Weaver,2,Dragon,Rush,Common,7,18,15
41,Anna King,9,Mechanism,Taunt,Legendary,18,20,14
42,Lisa Morrison,2,Demon,Deathrattle,Legendary,17,14,5
43,Joseph Ellison,7,Demon,Windfury,Rare,3,7,3
44,Kimberly Hawkins,5,Demon,Rush,Common,20,4,4
45,Preston Brock,1,Pirat,Windfury,Legendary,2,4,23
46,Kimberly Smith,1,Totem,Overkill,Base,19,11,18
47,Angel Palmer,4,Murloc,Battle cry,Base,13,5,18
48,Jacob Jimenez,3,Mechanism,Overkill,Common,16,2,4
49,Leslie Waters,13,Beast,Battle cry,Rare,10,10,18
50,John Nelson,11,Pirat,Windfury,Base,18,5,7
51,Jon Shelton,10,Pirat,Deathrattle,Rare,14,5,18
52,Susan Randall,13,Elemental,Lifesteal,Legendary,3,6,22
53,Stephen Edwards,3,Totem,Divine shield,Legendary,7,9,15
54,Christopher Day,15,Totem,Windfury,Common,5,0,9
55,Christopher Johnston,7,Elemental,Taunt,Base,20,11,6
56,Michele Hicks PhD,5,Dragon,Stealth,Common,13,4,17
57,Karen Simpson,15,Elemental,Battle cry,Base,20,4,15
58,Angela Harris,7,Pirat,Non-target,Legendary,10,9,2
59,Julie Klein,4,Mechanism,Non-target,Rare,9,18,4
60,Katherine Barker,7,Mechanism,Non-target,Legendary,19,13,12
61,Allison Smith,7,Totem,Poisonous,Legendary,4,13,10
62,Mrs. Kayla Haas,4,Mechanism,Overkill,Epic,6,7,2
63,Caroline Norman,12,Pirat,Divine shield,Rare,9,20,5
64,Tiffany Valentine,3,Demon,Non-target,Legendary,1,7,25
65,Mrs. Doris Lynch,2,Totem,Non-target,Base,2,1,4
66,Kathryn Morales,3,Totem,Mega windfury,Common,14,3,2
67,Anthony Hall,7,Mechanism,Non-target,Rare,14,20,0
68,Elizabeth Morris,2,Demon,Rush,Base,19,10,18
69,Paul Chavez,1,Demon,Stealth,Rare,4,11,11
70,Taylor Sanchez,15,Totem,Taunt,Epic,9,8,9
71,Scott Andrade,9,Pirat,Taunt,Common,15,16,19
72,Caleb Cisneros,15,Murloc,Divine shield,Common,11,13,10
73,Evelyn Austin,4,Dragon,Overkill,Rare,16,4,25
74,Mark Flynn,8,Demon,Stealth,Rare,6,14,22
75,Deborah Adams MD,12,Totem,Mega windfury,Rare,8,14,8
76,Adam Mcbride,3,Murloc,Mega windfury,Rare,3,3,16
77,Penny Mcguire,8,Dragon,Mega windfury,Rare,6,13,23
78,Becky White,2,Beast,Poisonous,Legendary,5,12,19
79,Brandi Benson,2,Totem,Mega windfury,Rare,2,9,23
80,Kyle Thomas,5,Beast,Windfury,Common,1,19,12
81,Daniel Munoz,9,Totem,Lifesteal,Base,18,20,3
82,Mariah Allen,14,Beast,Divine shield,Epic,16,11,7
83,Lisa Holland,3,Murloc,Divine shield,Base,8,2,16
84,Ronald Evans,13,Mechanism,Windfury,Legendary,3,14,2
85,Morgan Reynolds,14,Beast,Deathrattle,Base,7,13,22
86,Rebecca Martin,1,Demon,Non-target,Common,6,5,24
87,Daniel Bradley,5,Beast,Poisonous,Base,16,18,16
88,Tyler Cherry,6,Demon,Stealth,Legendary,6,2,25
89,Jessica Forbes,14,Pirat,Mega windfury,Base,17,13,3
90,Paula Mccullough,8,Elemental,Poisonous,Base,10,0,5
91,Kelli Leonard,5,Totem,Overkill,Legendary,14,0,18
92,Emily Ramirez,14,Mechanism,Divine shield,Epic,11,1,24
93,Mercedes Woods,1,Pirat,Windfury,Legendary,11,3,8
94,Calvin Murphy,15,Elemental,Deathrattle,Epic,18,8,4
95,David Daniels,5,Murloc,Taunt,Rare,18,14,18
96,Alexandra Burgess,14,Murloc,Lifesteal,Epic,19,4,23
97,Barbara Romero,12,Pirat,Overkill,Rare,7,8,17
98,Danielle Patton,7,Demon,Divine shield,Common,10,8,8
99,Jennifer Martinez,11,Elemental,Taunt,Common,20,16,15
100,Carl Black,3,Elemental,Deathrattle,Common,1,2,6
101,Alejandra Hernandez,3,Totem,Non-target,Base,5,10,7
102,Samantha Chavez,12,Totem,Rush,Legendary,10,6,18
103,Rebecca Smith,5,Murloc,Rush,Common,19,19,4
104,James Baker,2,Beast,Deathrattle,Epic,5,17,20
105,Chad Bennett,11,Totem,Battle cry,Legendary,17,4,16
106,Jill Hernandez,3,Dragon,Battle cry,Base,7,4,0
107,Adam Petersen,5,Beast,Windfury,Epic,11,4,16
108,Bryan Tucker,9,Pirat,Poisonous,Rare,20,20,20
109,Theresa Wolf,15,Totem,Poisonous,Epic,6,10,17
110,Patricia Smith,14,Beast,Rush,Common,8,6,22
111,Leslie Miranda,3,Dragon,Rush,Common,4,10,5
112,Tiffany Ruiz,13,Dragon,Overkill,Base,1,11,23
113,Brandon Daniels,7,Beast,Windfury,Rare,13,14,20
114,Sarah Harris,10,Totem,Divine shield,Base,14,6,1
115,Susan Beck,1,Elemental,Taunt,Common,5,10,24
116,Kara Stevenson,6,Beast,Lifesteal,Common,16,9,6
117,Angela Bray,3,Demon,Windfury,Common,5,17,9
118,Jessica Larsen,15,Dragon,Windfury,Common,7,5,6
119,Shelly Stephens,5,Elemental,Battle cry,Legendary,11,10,17
120,Mark Baker,12,Murloc,Mega windfury,Rare,3,3,3
121,Bailey Fernandez,9,Dragon,Windfury,Epic,11,7,25
122,Michael Yu,15,Demon,Lifesteal,Epic,11,14,19
123,Maria Jones,10,Dragon,Overkill,Base,11,2,2
124,Tonya Wang,7,Elemental,Lifesteal,Base,19,7,4
125,James Moore,10,Murloc,Windfury,Base,4,6,4
126,Eric Taylor,9,Dragon,Battle cry,Common,19,16,15
127,Christina Roberts,15,Demon,Taunt,Epic,20,14,11
128,Joseph Hernandez,10,Murloc,Lifesteal,Base,20,4,18
129,Joshua Garcia,1,Elemental,Mega windfury,Rare,9,8,14
130,Vanessa Jones,15,Demon,Stealth,Rare,6,10,0
131,Justin Smith,12,Demon,Poisonous,Legendary,19,13,1
132,Robert Valencia,9,Totem,Stealth,Legendary,1,0,16
133,Kaitlyn Pruitt,6,Dragon,Lifesteal,Legendary,20,6,15
134,Sandra Vincent,7,Elemental,Non-target,Common,19,18,17
135,Michael Brooks,14,Murloc,Taunt,Rare,17,6,24
136,Angela Johnson,6,Murloc,Lifesteal,Common,3,14,13
137,Sharon Crawford,14,Mechanism,Poisonous,Common,7,4,10
138,James Kramer,2,Totem,Non-target,Epic,3,7,7
139,Shannon Schultz,6,Pirat,Windfury,Legendary,7,5,1
140,Joshua Bowman,8,Pirat,Battle cry,Base,5,5,3
141,Donna Kennedy,1,Demon,Mega windfury,Legendary,17,2,2
142,Michael Smith,7,Mechanism,Overkill,Legendary,10,20,13
143,Brandon Potts,15,Demon,Stealth,Common,5,14,3
144,Melvin Williams,9,Murloc,Poisonous,Rare,6,5,8
145,Edward Peters,14,Elemental,Non-target,Legendary,20,15,11
146,Jason Walters,6,Mechanism,Windfury,Common,2,20,12
147,Ricardo Hester,7,Dragon,Battle cry,Rare,5,4,15
148,Christopher Clark,8,Pirat,Battle cry,Common,16,16,13
149,Paul Lee,7,Mechanism,Overkill,Base,12,10,17
150,Donna Johnson,9,Elemental,Poisonous,Epic,15,19,15
151,Stacey Nguyen,9,Totem,Taunt,Rare,2,13,14
152,Steven Edwards,3,Beast,Poisonous,Base,14,14,13
153,Vickie Mcdonald,1,Dragon,Deathrattle,Legendary,20,9,9
154,Travis Meza,9,Demon,Taunt,Rare,12,1,6
155,Cynthia Hernandez,5,Dragon,Deathrattle,Common,17,11,20
156,Diane Romero,10,Mechanism,Mega windfury,Rare,19,8,22
157,Autumn Miller,4,Pirat,Battle cry,Epic,7,6,16
158,Shirley Hamilton,6,Dragon,Windfury,Epic,6,16,21
159,Crystal Werner,1,Elemental,Overkill,Rare,3,19,22
160,Valerie Smith,11,Murloc,Poisonous,Legendary,5,14,24
161,Matthew Luna,15,Demon,Overkill,Base,5,14,3
162,Jeffrey Mcdaniel,12,Dragon,Deathrattle,Rare,13,15,11
163,Bradley Figueroa,15,Demon,Mega windfury,Rare,8,20,17
164,Jose Leonard,4,Beast,Deathrattle,Legendary,1,11,21
165,Michael Davis,11,Totem,Mega windfury,Common,16,19,4
166,Patrick Jacobs,10,Murloc,Divine shield,Epic,15,7,8
167,Amy Lawson,15,Elemental,Mega windfury,Base,17,16,13
168,Renee Johnson,10,Demon,Lifesteal,Epic,2,6,19
169,Kyle Jones,6,Beast,Poisonous,Epic,12,16,18
170,Kimberly Clark,9,Totem,Rush,Common,13,14,25
171,Patricia Williams,13,Murloc,Rush,Epic,18,15,23
172,Catherine Holland,6,Mechanism,Divine shield,Base,3,19,17
173,Scott Mercado,4,Beast,Divine shield,Legendary,1,2,5
174,Dr. Kyle Zamora DDS,1,Beast,Poisonous,Legendary,6,0,0
175,Rachel Cole,1,Pirat,Battle cry,Epic,13,7,23
176,Brittney Torres,7,Mechanism,Lifesteal,Common,17,1,0
177,Tracy Flores,4,Mechanism,Non-target,Common,16,4,1
178,Stacy Soto,13,Elemental,Mega windfury,Epic,3,16,3
179,Allen Coleman,13,Elemental,Lifesteal,Epic,12,20,22
180,Kayla Pollard,11,Dragon,Rush,Legendary,13,16,22
181,Christopher Phelps,1,Elemental,Deathrattle,Legendary,18,4,1
182,Kelsey Tran,12,Totem,Stealth,Rare,20,9,4
183,Vanessa Vaughan,13,Demon,Rush,Rare,12,11,24
184,Aaron Huynh,1,Murloc,Overkill,Base,3,8,20
185,Mark Buchanan,13,Totem,Poisonous,Common,11,4,8
186,Janice Hawkins,3,Totem,Non-target,Base,4,18,0
187,Christina Brown,11,Demon,Battle cry,Legendary,8,10,15
188,James Carlson,3,Murloc,Divine shield,Rare,2,11,7
189,Julie Robinson,1,Elemental,Overkill,Legendary,9,17,2
190,Jeff Coleman,11,Beast,Overkill,Epic,2,5,2
191,Derrick White,13,Beast,Deathrattle,Epic,8,19,13
192,Jeffrey Wolfe,2,Elemental,Lifesteal,Common,6,16,2
193,Jesse Phillips,14,Dragon,Stealth,Rare,7,12,18
194,Jeffrey Jacobs,12,Dragon,Windfury,Base,5,12,25
195,Brooke James,13,Beast,Poisonous,Legendary,3,12,15
196,Mr. Kevin Gonzales,4,Totem,Non-target,Rare,6,2,6
197,Robert Adams,4,Demon,Stealth,Epic,11,15,22
198,Joseph Mccoy,12,Totem,Windfury,Common,4,0,20
199,Jennifer Webb,12,Murloc,Mega windfury,Legendary,16,10,4
200,Kevin Gaines,5,Elemental,Windfury,Common,10,11,20
201,Jesse Hoffman,2,Dragon,Battle cry,Rare,12,16,5
202,Kristy Santos,14,Pirat,Poisonous,Rare,10,18,15
203,Brian Moreno,14,Demon,Rush,Common,1,12,10
204,Holly Green,11,Pirat,Non-target,Common,3,8,7
205,Hayden Hodges,11,Beast,Battle cry,Common,3,20,21
206,Renee Miranda,3,Totem,Taunt,Epic,10,19,20
207,James Hubbard,5,Mechanism,Stealth,Epic,15,20,12
208,Anthony Jones,3,Mechanism,Battle cry,Base,11,0,16
209,Courtney Rice,4,Beast,Non-target,Legendary,17,1,7
210,Jacob Johnson,6,Mechanism,Non-target,Rare,1,6,16
211,Melissa Rogers,13,Murloc,Taunt,Epic,9,20,20
212,Roger Smith,15,Dragon,Taunt,Base,20,18,13
213,Jennifer Parker,3,Totem,Divine shield,Rare,18,5,6
214,Zachary Huynh,5,Dragon,Stealth,Legendary,3,14,1
215,Bryan Vincent,3,Mechanism,Poisonous,Common,3,17,25
216,Timothy Jimenez,4,Murloc,Stealth,Legendary,18,6,22
217,David Stein,12,Demon,Deathrattle,Base,7,13,18
218,Christine Carr,6,Pirat,Mega windfury,Rare,11,2,22
219,Blake Adams,12,Mechanism,Stealth,Epic,10,14,16
220,Jodi Sullivan,10,Demon,Stealth,Epic,10,2,3
221,Joel Williams,9,Totem,Overkill,Common,10,17,21
222,Connie Barrett,11,Demon,Taunt,Legendary,1,2,6
223,Jose Peterson,6,Dragon,Poisonous,Common,3,12,16
224,Lisa Wilson,6,Totem,Rush,Common,2,5,6
225,Billy Miles,12,Pirat,Battle cry,Base,3,0,6
226,Tonya Miller,11,Pirat,Taunt,Rare,17,18,17
227,James Hammond,4,Pirat,Deathrattle,Common,10,9,7
228,Christopher Stewart,15,Elemental,Lifesteal,Common,16,9,16
229,Brandon Hartman,7,Elemental,Windfury,Legendary,15,11,21
230,Michael Maynard,14,Pirat,Lifesteal,Legendary,20,6,5
231,Robert Willis,12,Dragon,Overkill,Epic,15,15,16
232,Caroline Hull,5,Demon,Taunt,Common,10,0,16
233,Dustin Small,8,Mechanism,Windfury,Epic,13,11,2
234,Aaron Conley,10,Demon,Taunt,Epic,19,12,18
235,Susan York,11,Demon,Battle cry,Rare,10,11,12
236,Philip Roth,2,Demon,Windfury,Legendary,12,8,23
237,Matthew Smith,7,Totem,Lifesteal,Common,8,15,13
238,Dawn Spencer,9,Pirat,Stealth,Legendary,18,17,16
239,Brian Morgan,6,Murloc,Rush,Common,8,4,21
240,Michelle Blanchard,14,Beast,Overkill,Epic,17,2,5
241,Katherine Barber,11,Pirat,Rush,Epic,14,4,4
242,Alexis Porter DVM,10,Pirat,Deathrattle,Legendary,3,20,13
243,Ann Thompson,9,Dragon,Mega windfury,Rare,5,6,18
244,Chelsea Miller,11,Elemental,Poisonous,Base,6,11,25
245,Christopher Shaw,11,Beast,Windfury,Rare,6,17,0
246,Theresa Lee,13,Beast,Taunt,Legendary,13,18,5
247,Timothy Wagner,7,Totem,Non-target,Epic,8,3,9
248,Janet Ewing,13,Murloc,Rush,Rare,11,6,14
249,Amy Ward,7,Dragon,Windfury,Epic,4,0,25
250,Misty Cooper,3,Murloc,Deathrattle,Base,8,15,14
251,Kevin Webb,14,Murloc,Windfury,Common,19,4,1
252,Miguel Hart,12,Mechanism,Rush,Legendary,8,8,12
253,William Burton,5,Pirat,Taunt,Base,19,13,13
254,Eric Sloan,12,Elemental,Lifesteal,Rare,4,10,13
255,Jeremy Foster,7,Murloc,Stealth,Rare,9,12,19
256,Jonathan Garrison,5,Murloc,Rush,Common,3,9,4
257,Brittany Wolfe,2,Totem,Overkill,Legendary,11,4,20
258,Susan Bennett,5,Beast,Deathrattle,Base,12,0,22
259,Gregg Woodward,12,Elemental,Lifesteal,Rare,8,11,22
260,Jerry Bartlett,2,Elemental,Divine shield,Epic,6,0,11
261,Stephanie Davis,7,Pirat,Overkill,Common,11,7,18
262,Mary Wiggins,5,Mechanism,Mega windfury,Legendary,14,11,9
263,Lisa Medina,12,Demon,Taunt,Rare,17,4,25
264,Nicole Ross,9,Beast,Non-target,Common,3,1,5
265,Joshua Chavez,6,Elemental,Non-target,Legendary,14,16,2
266,Joseph Briggs,9,Demon,Stealth,Base,15,19,13
267,Mitchell Carr,5,Murloc,Windfury,Base,15,0,9
268,Krista Townsend,13,Mechanism,Overkill,Base,8,7,10
269,Thomas Munoz,2,Totem,Divine shield,Common,14,19,23
270,Michelle Evans,10,Demon,Non-target,Common,7,13,12
271,Sherri Clark,8,Pirat,Overkill,Legendary,13,18,18
272,Rachel Richards,2,Beast,Divine shield,Legendary,9,17,4
273,David Herrera,13,Mechanism,Windfury,Base,5,8,2
274,Joshua Ray,8,Pirat,Rush,Rare,6,15,16
275,Amy Walls,10,Demon,Overkill,Rare,10,13,9
276,Diane Kirby,12,Demon,Divine shield,Base,2,3,20
277,Dawn Chambers,11,Mechanism,Battle cry,Common,17,18,23
278,Andrea Lopez,2,Mechanism,Stealth,Epic,20,11,25
279,April Simmons,13,Murloc,Poisonous,Epic,5,17,10
280,Jeffrey Sharp,5,Demon,Divine shield,Rare,8,2,0
281,Mrs. Connie Lawson PhD,8,Beast,Divine shield,Legendary,20,16,3
282,Cheyenne Simon,6,Murloc,Deathrattle,Base,3,11,24
283,Margaret Thompson,12,Mechanism,Poisonous,Legendary,19,17,12
284,James Lopez,12,Elemental,Windfury,Rare,10,19,2
285,Peter Cox,14,Pirat,Stealth,Base,17,10,12
286,Bobby Thomas,8,Elemental,Non-target,Rare,7,12,2
287,Michael Walker,5,Totem,Rush,Legendary,14,0,3
288,Caleb Mcdonald,8,Dragon,Battle cry,Rare,6,9,3
289,Melissa Riley,2,Totem,Rush,Base,4,17,0
290,Nicholas Adams,10,Dragon,Taunt,Rare,20,10,13
291,David Curtis,13,Mechanism,Poisonous,Common,8,11,16
292,Dale Cantrell DVM,15,Murloc,Windfury,Epic,1,17,25
293,William Anderson,10,Totem,Stealth,Common,8,9,21
294,Anna Lawrence,15,Mechanism,Overkill,Legendary,18,17,13
295,Mr. Donald Mitchell DDS,14,Dragon,Mega windfury,Epic,14,1,12
296,Carl Jones,13,Mechanism,Divine shield,Legendary,9,14,25
297,Christopher Estes,1,Demon,Divine shield,Common,3,13,25
298,Henry Munoz,2,Dragon,Battle cry,Legendary,16,19,24
299,Jacqueline Johnson,2,Dragon,Taunt,Legendary,2,18,20
300,Holly Golden,14,Mechanism,Windfury,Legendary,7,18,21
301,Tammy Smith,10,Totem,Divine shield,Rare,4,20,16
302,Ashley Oneal,11,Totem,Non-target,Rare,7,17,11
303,Jason Moore,11,Elemental,Non-target,Rare,8,7,22
304,Morgan Gutierrez,1,Elemental,Stealth,Base,15,1,11
305,Juan Boone,4,Dragon,Non-target,Common,9,15,23
306,Tyler Green,8,Beast,Windfury,Common,11,6,19
307,Paul Shelton,12,Elemental,Poisonous,Rare,2,13,1
308,Marissa Kirby,1,Pirat,Rush,Rare,11,4,3
309,Derek Johnson PhD,9,Dragon,Divine shield,Base,6,11,11
310,Tracy Berger,14,Elemental,Rush,Common,11,9,23
311,Jenna Harmon,12,Elemental,Rush,Legendary,9,19,19
312,Michelle Gonzalez,6,Mechanism,Taunt,Rare,2,2,14
313,William Burke,7,Pirat,Taunt,Epic,2,17,24
314,Lauren Miller,1,Demon,Battle cry,Legendary,14,17,20
315,Jeffrey Reeves,3,Demon,Taunt,Legendary,11,15,4
316,Christina Owens,2,Mechanism,Poisonous,Rare,20,0,15
317,Travis Brock,2,Beast,Divine shield,Common,1,3,4
318,Thomas Webb,15,Dragon,Lifesteal,Base,2,18,6
319,Kaitlyn Webb,6,Dragon,Stealth,Base,17,8,8
320,Shirley Valencia,2,Elemental,Divine shield,Rare,16,9,8
321,Robert Reed,3,Murloc,Non-target,Rare,15,9,19
322,Maurice Johnston,4,Dragon,Deathrattle,Rare,19,19,24
323,Sara Hernandez,10,Demon,Divine shield,Base,1,15,13
324,John Ramirez,12,Pirat,Rush,Common,14,6,0
325,Adam Thomas,2,Elemental,Deathrattle,Common,5,2,19
326,Sara Byrd,15,Dragon,Poisonous,Legendary,10,4,23
327,Anthony Landry,2,Pirat,Non-target,Legendary,6,16,23
328,Marvin Thomas,14,Elemental,Overkill,Rare,1,10,22
329,Brittany Scott,9,Demon,Mega windfury,Rare,5,17,17
330,Kenneth Schmidt DDS,11,Dragon,Mega windfury,Legendary,8,12,4
331,Mario Baker,4,Pirat,Non-target,Common,4,12,4
332,Zachary Gates,14,Elemental,Windfury,Rare,5,17,6
333,Tracey Carroll,9,Totem,Overkill,Rare,12,0,11
334,Joshua Henry,4,Murloc,Deathrattle,Legendary,10,6,23
335,Deborah Estrada,3,Beast,Windfury,Epic,1,5,7
336,Cheryl Richards,12,Elemental,Mega windfury,Base,5,5,16
337,William Jones,12,Elemental,Divine shield,Common,16,1,14
338,Jo Williams,1,Mechanism,Taunt,Legendary,19,15,17
339,Erik Stephens,2,Murloc,Deathrattle,Base,17,3,4
340,Cathy Maxwell,15,Murloc,Poisonous,Rare,14,1,17
341,Lisa Stewart,12,Totem,Battle cry,Legendary,10,6,11
342,Ryan Murray,2,Murloc,Lifesteal,Rare,7,8,23
343,Ricardo Davis,3,Beast,Rush,Rare,13,17,7
344,Felicia Brown,5,Murloc,Battle cry,Base,18,4,9
345,Adrienne Ramirez,8,Pirat,Lifesteal,Common,18,17,1
346,Dorothy Lawrence,10,Totem,Overkill,Rare,15,1,12
347,Michael Smith,1,Beast,Battle cry,Base,3,10,2
348,Jessica Wise,5,Elemental,Battle cry,Epic,6,15,22
349,Brittany Morrison,9,Totem,Lifesteal,Epic,10,3,13
350,Jonathan Carter,8,Pirat,Overkill,Epic,6,20,14
351,Kelly Jackson,11,Murloc,Battle cry,Legendary,8,10,2
352,Donald Barnett,14,Elemental,Non-target,Rare,8,4,17
353,Kevin Bell,7,Demon,Lifesteal,Rare,18,2,12
354,Amber Horton,15,Murloc,Mega windfury,Base,4,6,2
355,Melvin Marquez,14,Elemental,Windfury,Base,16,16,4
356,Michael Bauer II,13,Murloc,Mega windfury,Common,5,19,22
357,Tiffany Ramos,8,Mechanism,Windfury,Epic,18,6,19
358,James Harrell,6,Totem,Deathrattle,Legendary,9,18,1
359,Dana Cook,14,Murloc,Taunt,Epic,1,16,21
360,James Arroyo,12,Pirat,Rush,Legendary,7,6,6
361,Martha Howard,6,Murloc,Windfury,Base,3,9,2
362,Henry Beck,2,Demon,Divine shield,Base,19,14,13
363,Tiffany Gonzalez,12,Dragon,Non-target,Base,17,12,15
364,Brian Abbott,3,Mechanism,Taunt,Legendary,18,8,11
365,Joshua Jenkins,6,Beast,Overkill,Rare,6,10,0
366,Bryan Liu,11,Murloc,Poisonous,Legendary,9,9,24
367,Shawn Reynolds,12,Beast,Lifesteal,Legendary,13,6,4
368,Gabrielle Meza,12,Mechanism,Rush,Base,2,6,1
369,Jenna Wise,13,Pirat,Non-target,Legendary,2,15,0
370,Jessica Cooper,12,Murloc,Windfury,Epic,11,11,7
371,Shannon Huang,2,Dragon,Mega windfury,Epic,7,8,5
372,Michael Holloway,7,Murloc,Deathrattle,Legendary,11,6,11
373,Peter Rosales,13,Pirat,Battle cry,Base,12,3,5
374,James Petty,2,Totem,Divine shield,Common,6,15,1
375,Leslie Reed,10,Pirat,Deathrattle,Rare,4,4,15
376,Lisa Perez,13,Pirat,Divine shield,Rare,18,18,22
377,Chelsea Boyer,9,Beast,Deathrattle,Legendary,2,11,5
378,James Watson,2,Demon,Taunt,Common,5,17,11
379,Jerry Floyd,13,Beast,Non-target,Legendary,7,4,19
380,Kaitlyn Michael,13,Beast,Non-target,Epic,16,13,12
381,Tina Rush,13,Elemental,Divine shield,Base,16,16,3
382,Brittany Davis,11,Murloc,Stealth,Legendary,17,13,12
383,Daniel Jackson,8,Beast,Taunt,Base,7,14,22
384,Joshua Smith,5,Pirat,Windfury,Common,19,9,6
385,Alexander Collins,13,Totem,Windfury,Common,13,14,14
386,Joseph Cummings,13,Beast,Deathrattle,Epic,14,13,17
387,Sarah George MD,3,Murloc,Stealth,Base,14,20,12
388,Aaron Arias,10,Pirat,Divine shield,Legendary,4,12,15
389,Gary Callahan,6,Totem,Overkill,Legendary,14,7,6
390,Kristine Hudson,12,Elemental,Non-target,Base,7,8,22
391,Aimee Wiggins,15,Totem,Non-target,Rare,16,1,12
392,Mikayla Harris,7,Dragon,Divine shield,Rare,10,11,11
393,Jessica Murphy,7,Mechanism,Rush,Legendary,4,7,23
394,Jennifer Randolph DVM,15,Beast,Non-target,Rare,4,19,10
395,Michaela Lopez,1,Mechanism,Poisonous,Rare,2,2,1
396,Jason Parker,11,Dragon,Battle cry,Rare,9,3,25
397,Linda Henderson,7,Totem,Mega windfury,Rare,12,6,4
398,Danielle Durham,4,Demon,Mega windfury,Epic,13,5,11
399,Patricia Jackson,15,Elemental,Battle cry,Epic,10,18,16
400,Michael Lin,13,Pirat,Lifesteal,Legendary,1,7,20
401,Michael Long,1,Mechanism,Taunt,Rare,3,2,10
402,Emily Guzman,10,Pirat,Divine shield,Common,11,2,19
403,Janet Elliott,8,Totem,Deathrattle,Legendary,11,10,10
404,Sherry Costa,6,Pirat,Taunt,Common,4,4,9
405,Kevin Davidson,13,Pirat,Overkill,Rare,14,4,17
406,Thomas Obrien,12,Elemental,Windfury,Legendary,10,15,7
407,Mckenzie Church,10,Dragon,Divine shield,Legendary,18,8,6
408,Donna Christian,11,Totem,Deathrattle,Epic,19,5,3
409,Chris Patterson,10,Dragon,Battle cry,Rare,19,4,17
410,Bradley Meyer,9,Totem,Divine shield,Legendary,3,7,2
411,Lisa Hernandez,11,Demon,Battle cry,Base,3,11,5
412,William Johnson,4,Dragon,Stealth,Legendary,2,8,10
413,Connie Schmidt,3,Totem,Overkill,Common,2,8,11
414,Jerry Gibson,10,Beast,Battle cry,Common,14,15,23
415,Johnny Howell,7,Dragon,Lifesteal,Legendary,4,12,12
416,Christina Gallegos,6,Murloc,Rush,Common,2,6,1
417,Cynthia Johnson,11,Elemental,Stealth,Rare,15,15,19
418,James Waters,8,Murloc,Stealth,Common,14,17,23
419,Brandi Caldwell,4,Dragon,Poisonous,Epic,12,6,12
420,Joseph Gilbert,8,Totem,Battle cry,Epic,9,12,13
421,Courtney King,10,Dragon,Poisonous,Epic,13,9,5
422,Robert Jones,13,Beast,Taunt,Rare,10,19,22
423,Sandra Rollins,12,Beast,Stealth,Legendary,9,4,2
424,Robert Brown,6,Elemental,Stealth,Epic,10,13,6
425,Jeffrey Thomas,7,Murloc,Non-target,Legendary,11,14,13
426,Trevor Douglas,10,Beast,Battle cry,Base,17,1,20
427,Martin Fernandez,12,Elemental,Lifesteal,Base,14,15,22
428,Sara Smith,11,Mechanism,Windfury,Epic,8,10,5
429,Pamela Garcia,14,Totem,Lifesteal,Rare,6,11,9
430,Heather Lee,7,Elemental,Mega windfury,Epic,14,19,12
431,Elizabeth Howard,9,Demon,Rush,Base,3,2,11
432,Thomas Strickland,9,Totem,Overkill,Base,13,4,9
433,William Harvey,15,Mechanism,Overkill,Legendary,9,20,11
434,Amanda Guerrero,5,Elemental,Deathrattle,Base,13,18,2
435,Charles Henry,11,Demon,Deathrattle,Rare,4,20,20
436,Maureen Perry,8,Pirat,Stealth,Common,12,11,10
437,Jamie Martin,6,Murloc,Mega windfury,Epic,1,7,4
438,Krista Cruz,2,Pirat,Deathrattle,Base,3,14,0
439,Oscar Wood,15,Dragon,Mega windfury,Base,3,9,2
440,Sean Hunter,12,Demon,Taunt,Epic,5,19,10
441,Sharon Vasquez,9,Mechanism,Non-target,Common,9,11,17
442,George Bailey,1,Beast,Rush,Rare,3,15,19
443,Vicki Turner,13,Mechanism,Non-target,Legendary,16,11,3
444,Mark Bradley III,8,Elemental,Non-target,Common,14,2,2
445,Christopher Montgomery,13,Dragon,Non-target,Base,6,15,6
446,Dave Olsen,1,Murloc,Overkill,Common,3,16,13
447,Michael Jackson,8,Demon,Divine shield,Epic,20,13,18
448,Arthur Zimmerman,1,Beast,Taunt,Legendary,15,14,7
449,Meghan Turner,12,Pirat,Divine shield,Legendary,19,15,23
450,Ann Young,11,Pirat,Battle cry,Epic,6,12,13
451,Robert Reed,6,Elemental,Battle cry,Common,1,1,25
452,Richard Brown,1,Murloc,Poisonous,Common,7,15,23
453,Frank Maddox,10,Elemental,Windfury,Epic,17,11,22
454,Victoria Rios,13,Murloc,Deathrattle,Legendary,19,3,19
455,Manuel Villanueva,9,Totem,Divine shield,Base,14,16,22
456,Daniel Cowan,15,Murloc,Non-target,Epic,16,7,12
457,Matthew Sexton,4,Murloc,Deathrattle,Common,14,17,16
458,Joshua Heath,2,Beast,Poisonous,Legendary,17,5,25
459,Bryan Anderson,3,Beast,Rush,Base,8,4,23
460,Mark Mason,11,Beast,Mega windfury,Legendary,2,15,15
461,Timothy Lamb,12,Murloc,Battle cry,Epic,17,1,3
462,Travis Wilson DVM,8,Demon,Windfury,Epic,3,11,16
463,Victoria Williams,5,Dragon,Deathrattle,Rare,9,9,22
464,Mrs. Michelle Wright,14,Totem,Windfury,Base,12,15,18
465,Jake Waters,9,Murloc,Overkill,Base,17,10,20
466,Matthew Olson,12,Pirat,Lifesteal,Epic,15,10,5
467,Robert Smith,2,Beast,Poisonous,Epic,4,7,25
468,Willie Lamb,14,Murloc,Poisonous,Common,12,8,20
469,Lindsay Wang,14,Demon,Battle cry,Epic,16,18,11
470,Shawn Williams,4,Beast,Mega windfury,Rare,17,2,13
471,Jason Cantu,8,Totem,Taunt,Common,10,7,24
472,Anna Hunter,9,Totem,Lifesteal,Epic,7,16,25
473,Devin Vazquez,6,Totem,Windfury,Epic,17,19,3
474,Christine Hill,15,Pirat,Rush,Base,15,2,20
475,Rebecca Dixon,8,Murloc,Non-target,Legendary,4,15,3
476,Samantha Wyatt,3,Dragon,Battle cry,Common,9,20,25
477,Dr. Mark Fitzgerald,3,Elemental,Taunt,Epic,8,17,10
478,Joshua Johnson,4,Murloc,Stealth,Legendary,20,19,2
479,Mark Owens,6,Murloc,Poisonous,Common,10,19,24
480,Richard Miller,4,Beast,Stealth,Base,6,19,25
481,Kevin Young,4,Beast,Non-target,Legendary,14,17,17
482,Paula Combs,11,Beast,Poisonous,Base,2,6,7
483,Jesse Miranda,3,Demon,Windfury,Epic,14,8,24
484,Nicole Brown,3,Dragon,Divine shield,Epic,3,10,7
485,Bridget Johnson,5,Dragon,Windfury,Common,5,13,1
486,Alyssa Dunn,9,Beast,Divine shield,Common,1,10,15
487,Susan Walker,7,Beast,Mega windfury,Rare,19,8,20
488,Christopher Lowe,8,Pirat,Stealth,Epic,16,12,22
489,Kimberly Wallace,12,Murloc,Mega windfury,Base,14,19,18
490,Anthony Ray,12,Murloc,Windfury,Rare,6,1,0
491,John Rivera,10,Mechanism,Deathrattle,Rare,11,13,15
492,Margaret Gray,12,Totem,Poisonous,Common,1,1,1
493,Donna Schultz,12,Elemental,Battle cry,Base,17,8,5
494,Kathryn Hall,3,Elemental,Mega windfury,Common,11,4,16
495,Derek Weaver,3,Totem,Windfury,Legendary,4,3,21
496,Gerald Morales,2,Beast,Battle cry,Base,1,20,8
497,Michele Garcia,14,Beast,Poisonous,Legendary,3,9,22
498,Tanner Murphy,9,Elemental,Mega windfury,Epic,5,10,10
499,Mary Lang,4,Pirat,Stealth,Epic,12,16,25
500,Molly Collins,12,Murloc,Mega windfury,Epic,19,4,3
501,Victor Munoz,9,Mechanism,Stealth,Base,20,2,16
502,Kathleen Bennett,11,Elemental,Divine shield,Epic,9,4,24
503,David Nelson,6,Pirat,Battle cry,Epic,14,11,25
504,Sarah Palmer,3,Mechanism,Lifesteal,Rare,4,19,14
505,Anne Higgins,3,Elemental,Battle cry,Legendary,5,9,11
506,Mary Mcdowell,6,Murloc,Poisonous,Base,4,12,16
507,Ian Brooks,7,Totem,Divine shield,Common,9,2,24
508,Jeremy Evans,2,Totem,Windfury,Common,16,2,4
509,Robert Smith,12,Dragon,Non-target,Base,18,20,17
510,Kevin Pratt,15,Dragon,Divine shield,Legendary,13,11,13
511,Laura Caldwell,9,Mechanism,Stealth,Epic,10,6,7
512,Anthony Moore,3,Beast,Overkill,Base,4,1,3
513,Jared Patel,4,Murloc,Poisonous,Base,7,4,3
514,Craig Davis,9,Beast,Overkill,Base,14,4,13
515,Ms. Nicole Proctor,7,Pirat,Mega windfury,Epic,2,18,12
516,Richard Miller,9,Demon,Stealth,Legendary,19,7,4
517,Eugene Smith,7,Murloc,Battle cry,Rare,12,4,5
518,Jason Barnes,7,Murloc,Deathrattle,Common,6,5,18
519,David Anderson,7,Demon,Windfury,Base,3,19,9
520,Sabrina Maxwell,1,Pirat,Mega windfury,Rare,20,20,1
521,William Henderson,7,Murloc,Rush,Epic,17,16,23
522,Megan Mercado,5,Demon,Stealth,Common,5,0,8
523,Lisa Holt,12,Dragon,Stealth,Legendary,12,18,8
524,Mr. Howard Cooper,3,Demon,Divine shield,Epic,19,19,11
525,Bailey Patel,2,Pirat,Lifesteal,Rare,11,9,24
526,Randy Olson,15,Totem,Overkill,Legendary,3,11,15
527,Amy Valencia,2,Murloc,Mega windfury,Base,12,5,8
528,Alexandra Morrison,8,Murloc,Deathrattle,Legendary,7,0,13
529,Dr. Emily Bennett,5,Mechanism,Stealth,Base,8,3,24
530,Jacob Brown,11,Murloc,Overkill,Epic,1,0,8
531,Kyle Torres,7,Totem,Deathrattle,Common,19,9,12
532,Shannon Dawson,8,Totem,Stealth,Base,3,3,5
533,James Reynolds,12,Mechanism,Battle cry,Rare,13,10,3
534,Erik Daniels,9,Dragon,Windfury,Epic,20,7,21
535,Catherine Evans,2,Beast,Divine shield,Base,13,18,15
536,Cynthia Rice,13,Mechanism,Overkill,Legendary,11,14,24
537,Christopher Gilbert,15,Demon,Overkill,Legendary,4,0,17
538,Raymond Nguyen,1,Dragon,Poisonous,Rare,12,4,16
539,Mark Porter,12,Totem,Battle cry,Base,9,17,21
540,Brittany Smith,2,Dragon,Lifesteal,Epic,10,12,22
541,Marcus Thompson,8,Murloc,Lifesteal,Rare,16,3,16
542,Rachel Owens,8,Elemental,Overkill,Legendary,12,12,14
543,Ethan Roy,13,Elemental,Rush,Base,2,17,13
544,Cameron Jones,11,Totem,Battle cry,Legendary,13,15,0
545,Jennifer Patterson,4,Elemental,Mega windfury,Rare,11,8,0
546,Carla Mack,12,Dragon,Poisonous,Epic,18,10,6
547,Timothy Bowers,5,Beast,Windfury,Epic,13,9,25
548,Victoria Aguilar,10,Totem,Windfury,Rare,12,15,15
549,Donna Miller,13,Elemental,Mega windfury,Common,4,6,4
550,Andrew Liu,5,Beast,Windfury,Legendary,18,16,15
551,Heidi Williams,13,Totem,Non-target,Epic,10,15,9
552,Benjamin Brown,14,Totem,Overkill,Base,12,11,21
553,George Daniels,14,Elemental,Battle cry,Common,9,16,3
554,Monica Lee,6,Murloc,Poisonous,Rare,16,7,7
555,Heather Barnes,14,Elemental,Mega windfury,Base,5,8,7
556,Robert Carter,5,Beast,Overkill,Base,19,0,23
557,Anna Newman,9,Demon,Taunt,Common,10,19,11
558,Donald Carter,15,Elemental,Rush,Rare,7,19,7
559,Shannon Rich,11,Demon,Lifesteal,Base,4,9,22
560,Richard Burgess,2,Beast,Lifesteal,Legendary,10,11,9
561,James Gonzalez,14,Beast,Lifesteal,Epic,11,6,21
562,Courtney Stout,10,Murloc,Deathrattle,Legendary,14,15,0
563,Garrett Gomez,9,Murloc,Rush,Epic,14,7,12
564,Cheryl Mcmillan,3,Totem,Non-target,Rare,11,8,14
565,Ashley Ramirez,5,Totem,Stealth,Rare,5,1,19
566,Lori Carter,12,Totem,Poisonous,Epic,9,20,7
567,John Taylor,10,Demon,Divine shield,Base,16,19,9
568,Mark Morrison,9,Demon,Non-target,Base,13,5,25
569,Michael Bell,1,Beast,Lifesteal,Common,5,18,3
570,James West,7,Murloc,Rush,Base,16,19,17
571,Melissa Marsh,2,Murloc,Taunt,Epic,8,20,0
572,Jeffrey Sullivan,4,Demon,Overkill,Legendary,1,20,9
573,David Dixon,9,Elemental,Battle cry,Legendary,9,18,20
574,Curtis Burns,5,Totem,Battle cry,Base,1,18,4
575,David Johnson,6,Totem,Taunt,Legendary,18,15,16
576,Donna Harvey,14,Dragon,Windfury,Legendary,11,8,23
577,Tracy Ward,6,Pirat,Deathrattle,Legendary,11,1,15
578,Erik Moore,10,Elemental,Divine shield,Common,1,7,5
579,Robert Barton,4,Elemental,Poisonous,Rare,5,4,2
580,Katherine Blankenship,12,Elemental,Overkill,Common,17,15,2
581,Timothy Hunt,10,Demon,Deathrattle,Legendary,6,4,2
582,Micheal Hughes,8,Pirat,Windfury,Legendary,5,20,18
583,Ronald Chang,15,Pirat,Deathrattle,Base,3,6,16
584,Christopher Burton,5,Elemental,Mega windfury,Epic,14,16,10
585,Aaron Smith,13,Pirat,Deathrattle,Legendary,13,5,16
586,Rick Lara,12,Murloc,Deathrattle,Base,18,0,5
587,Robert White,11,Demon,Overkill,Common,17,11,21
588,Carol Marshall,12,Pirat,Battle cry,Rare,18,6,16
589,Brooke Parsons,11,Dragon,Overkill,Common,5,12,15
590,Caroline Dixon,3,Murloc,Poisonous,Base,2,13,10
591,Timothy Howell,9,Dragon,Stealth,Base,19,0,18
592,Michael Riley,2,Totem,Overkill,Rare,3,1,21
593,James Lee,13,Demon,Non-target,Rare,2,1,22
594,David Stewart,8,Demon,Taunt,Common,1,9,18
595,Andrew Welch,4,Pirat,Overkill,Epic,1,7,24
596,David Yoder,1,Dragon,Lifesteal,Epic,5,2,2
597,Brian Johnson,11,Beast,Divine shield,Base,15,1,9
598,Timothy Cunningham,11,Totem,Rush,Epic,10,6,24
599,Michele Brennan,4,Dragon,Lifesteal,Base,5,1,18
600,Laura French,6,Mechanism,Poisonous,Legendary,18,15,11
601,Grace Sherman MD,12,Dragon,Lifesteal,Rare,3,5,6
602,Susan Woods,9,Dragon,Battle cry,Epic,17,8,3
603,Mary Johnson,3,Beast,Poisonous,Legendary,4,4,1
604,Erica Smith,8,Beast,Poisonous,Rare,12,17,19
605,Michael Mcintyre,7,Elemental,Divine shield,Legendary,16,14,4
606,Mario Fletcher,12,Beast,Poisonous,Legendary,11,13,3
607,Hunter Anthony,10,Murloc,Lifesteal,Epic,10,12,1
608,Calvin Marquez,8,Demon,Windfury,Base,19,4,2
609,Christopher Maddox,13,Demon,Stealth,Epic,13,0,0
610,Michelle Nash,10,Dragon,Poisonous,Epic,8,13,9
611,Donna Allen,14,Demon,Divine shield,Legendary,2,8,9
612,Michael Jones,15,Pirat,Windfury,Epic,3,4,11
613,Logan Mccann,14,Demon,Overkill,Base,2,12,6
614,Ms. Susan Patterson,8,Elemental,Non-target,Epic,4,17,5
615,Cynthia Padilla,8,Elemental,Deathrattle,Epic,3,20,20
616,Amber Brown,6,Murloc,Stealth,Common,8,18,6
617,David Patterson,15,Totem,Deathrattle,Base,4,11,14
618,Angela Tyler,9,Elemental,Divine shield,Base,12,3,11
619,Elizabeth Gross,14,Beast,Lifesteal,Common,7,7,8
620,Donald Rios,8,Murloc,Lifesteal,Common,6,6,1
621,William Vaughan,3,Elemental,Divine shield,Rare,17,17,21
622,Christina Thompson,12,Elemental,Deathrattle,Base,3,17,20
623,Christine Brown,2,Elemental,Lifesteal,Common,1,7,4
624,Lori Deleon,4,Pirat,Stealth,Legendary,2,18,13
625,Justin Thomas,9,Demon,Battle cry,Epic,8,4,24
626,Gilbert Suarez,3,Elemental,Deathrattle,Epic,8,17,14
627,Karen Robertson,12,Elemental,Poisonous,Legendary,17,19,23
628,Diane Fletcher,9,Pirat,Poisonous,Legendary,12,9,2
629,Kimberly Hammond,4,Dragon,Lifesteal,Base,12,1,17
630,Richard Fitzgerald,5,Mechanism,Battle cry,Legendary,9,0,6
631,Peter Weaver,5,Dragon,Overkill,Legendary,20,19,22
632,Jordan Davis,7,Demon,Poisonous,Base,16,18,23
633,Jennifer Holmes,9,Totem,Stealth,Legendary,20,11,8
634,Karen Hicks,4,Elemental,Battle cry,Legendary,6,3,14
635,Kim Martinez,3,Pirat,Non-target,Epic,2,1,10
636,Jaclyn Clark,14,Mechanism,Deathrattle,Base,12,9,17
637,Tammy Warren,1,Totem,Taunt,Base,17,12,6
638,Michael Velazquez,15,Dragon,Windfury,Legendary,11,10,16
639,Shelby Clark,5,Totem,Divine shield,Epic,1,17,22
640,Emily Reid,6,Beast,Overkill,Legendary,14,6,12
641,Joshua Solis,8,Pirat,Mega windfury,Common,2,8,23
642,Calvin Aguilar,6,Murloc,Battle cry,Common,3,12,12
643,Erica Henry,1,Elemental,Poisonous,Rare,3,10,13
644,Holly Murphy,14,Totem,Taunt,Rare,10,11,11
645,Stephanie Miller,1,Murloc,Windfury,Base,2,15,21
646,Colleen Haley,4,Demon,Deathrattle,Common,15,9,15
647,Ashley Welch,15,Murloc,Deathrattle,Common,6,2,20
648,Eduardo Vasquez,5,Totem,Lifesteal,Rare,6,1,0
649,Joanna Villanueva,10,Elemental,Divine shield,Common,14,12,8
650,Angela Wilson,6,Dragon,Mega windfury,Legendary,13,19,16
651,Jared Greer,5,Totem,Non-target,Legendary,17,17,18
652,Paul Smith,10,Demon,Overkill,Legendary,17,15,6
653,Timothy Park,10,Totem,Rush,Base,18,5,11
654,Wendy Marks,9,Totem,Mega windfury,Common,16,1,20
655,Amanda Estes,3,Dragon,Rush,Common,10,14,14
656,Heather Scott,8,Elemental,Battle cry,Base,9,2,5
657,Ashley Hood,9,Demon,Stealth,Legendary,16,4,13
658,Holly Daniel,3,Murloc,Battle cry,Epic,14,16,11
659,Charles Soto,6,Murloc,Lifesteal,Epic,17,8,9
660,Donna Little,15,Demon,Poisonous,Epic,10,5,24
661,Mr. William Flores,10,Demon,Stealth,Legendary,15,13,3
662,Diana Dorsey,3,Demon,Divine shield,Common,11,6,3
663,Michael Khan,10,Demon,Deathrattle,Common,11,10,13
664,Marie Salazar,1,Elemental,Overkill,Epic,16,3,8
665,Tina Ford,15,Murloc,Overkill,Base,16,2,0
666,Nathan Sims,12,Totem,Lifesteal,Common,8,14,4
667,Steven Anderson,1,Demon,Deathrattle,Base,5,10,12
668,Deborah Davis,10,Elemental,Windfury,Rare,1,6,10
669,Brian Randall,9,Totem,Taunt,Legendary,5,11,20
670,Kenneth Smith,15,Totem,Rush,Common,18,15,21
671,Patrick Rogers,13,Mechanism,Deathrattle,Rare,4,6,10
672,Elizabeth Jordan,13,Totem,Battle cry,Rare,5,2,2
673,James Mullen,3,Elemental,Divine shield,Epic,10,11,21
674,Tom Smith,4,Pirat,Lifesteal,Common,19,5,20
675,Joel Tyler,4,Dragon,Deathrattle,Rare,6,9,20
676,Sara Horn,9,Beast,Rush,Base,9,2,20
677,Jessica Jones,2,Beast,Windfury,Common,9,9,13
678,Hannah Jensen,14,Demon,Stealth,Rare,15,2,7
679,Kristen Allen,5,Mechanism,Stealth,Rare,14,20,18
680,Derek Simpson,6,Demon,Deathrattle,Legendary,7,13,25
681,Mr. Kristopher Reid,11,Beast,Stealth,Base,3,5,6
682,Ashley Jensen,8,Murloc,Deathrattle,Common,19,4,5
683,Kaitlyn Clayton,8,Demon,Windfury,Epic,12,4,25
684,Tyler Jones,8,Dragon,Windfury,Rare,10,6,23
685,Jenna Ruiz,8,Elemental,Rush,Epic,13,5,23
686,Sarah Mcmillan,5,Murloc,Mega windfury,Rare,13,0,4
687,Dawn Clark,12,Totem,Divine shield,Base,6,17,22
688,Christopher Contreras,1,Elemental,Battle cry,Base,7,13,24
689,Emily Hernandez,3,Dragon,Poisonous,Common,7,12,14
690,Donald Wiggins,4,Elemental,Divine shield,Epic,13,13,2
691,Matthew Campbell,13,Murloc,Stealth,Base,13,16,6
692,Andrew Bonilla,5,Dragon,Rush,Epic,7,17,17
693,Katherine Potter,5,Pirat,Rush,Rare,1,13,3
694,Crystal Baldwin,12,Beast,Deathrattle,Rare,13,12,16
695,Matthew Francis,7,Elemental,Lifesteal,Rare,17,9,13
696,Jennifer Harris,11,Demon,Lifesteal,Epic,11,6,21
697,Tina Clark,8,Demon,Windfury,Base,16,0,1
698,Tammy Cruz,15,Pirat,Deathrattle,Common,9,11,0
699,Cassandra Marshall,13,Murloc,Rush,Base,13,3,6
700,Martha Smith,5,Totem,Deathrattle,Base,8,15,14
701,Connor Collier,3,Murloc,Non-target,Common,13,4,3
702,Dean Morrow,4,Beast,Windfury,Rare,13,15,15
703,Mitchell Boone,2,Demon,Stealth,Base,9,7,8
704,Benjamin Wong,2,Dragon,Battle cry,Rare,17,17,23
705,Andrea Roy,7,Elemental,Rush,Base,15,1,9
706,Eric Rogers,9,Dragon,Rush,Common,1,15,24
707,Julie Huerta,3,Beast,Taunt,Common,11,15,13
708,Christopher Baker,3,Totem,Taunt,Common,19,2,8
709,David Colon,1,Elemental,Rush,Epic,1,18,2
710,Nicole Patrick,13,Beast,Deathrattle,Legendary,9,0,15
711,Terri Osborne,14,Dragon,Lifesteal,Common,19,5,4
712,Troy Figueroa,10,Pirat,Non-target,Rare,7,0,23
713,Jacqueline Vasquez,10,Elemental,Mega windfury,Epic,1,8,17
714,Susan Moreno,15,Mechanism,Mega windfury,Epic,16,8,25
715,Charles Hess,3,Elemental,Taunt,Base,12,7,12
716,Charles Matthews,9,Pirat,Mega windfury,Epic,11,5,20
717,Gabriel Armstrong,12,Murloc,Poisonous,Epic,18,11,15
718,Alexis Santos,10,Totem,Deathrattle,Common,19,19,5
719,Shelby Lane,13,Pirat,Stealth,Epic,2,0,23
720,Kenneth Dunn,15,Totem,Rush,Epic,3,8,14
721,Katherine Larsen,10,Demon,Overkill,Legendary,2,2,4
722,Evan Richardson,9,Beast,Stealth,Rare,7,6,18
723,Melinda Walker,2,Mechanism,Taunt,Epic,11,5,17
724,Natasha Patel,11,Murloc,Taunt,Base,7,15,8
725,Mr. Samuel Weber,11,Murloc,Taunt,Base,2,7,19
726,Traci Hernandez,3,Totem,Windfury,Base,20,18,15
727,Monica Tran,13,Beast,Taunt,Common,3,2,11
728,Zachary Young,8,Dragon,Lifesteal,Epic,17,14,7
729,Matthew Shelton,5,Pirat,Deathrattle,Legendary,11,10,21
730,Aaron Smith,9,Beast,Lifesteal,Common,5,5,0
731,Kayla Potts,15,Murloc,Stealth,Epic,1,13,17
732,Holly Walton,14,Dragon,Rush,Legendary,15,1,10
733,Scott Hurley,2,Totem,Rush,Epic,18,12,1
734,Mark Rivera,15,Totem,Poisonous,Epic,13,8,18
735,Dr. Gary Haley,9,Mechanism,Mega windfury,Base,7,4,5
736,Andrea Williamson DVM,3,Elemental,Windfury,Legendary,3,4,25
737,Robert Jackson,10,Elemental,Battle cry,Common,4,16,13
738,Kenneth James,2,Pirat,Lifesteal,Common,11,10,17
739,Aaron Watts,13,Mechanism,Battle cry,Legendary,12,17,5
740,Kyle Mcfarland,9,Totem,Rush,Base,13,14,22
741,Travis Allen,5,Beast,Poisonous,Rare,4,6,21
742,Rebecca Wise,7,Totem,Rush,Legendary,5,20,7
743,Travis Ramsey,14,Murloc,Battle cry,Common,2,20,22
744,Rachel Miller,11,Pirat,Deathrattle,Epic,6,11,1
745,Hannah Weiss,4,Pirat,Overkill,Base,11,9,15
746,Adrienne Sanchez,5,Dragon,Battle cry,Epic,2,12,3
747,Shirley Byrd,8,Pirat,Lifesteal,Legendary,12,5,15
748,Lynn Grant,11,Pirat,Divine shield,Rare,8,17,23
749,Mark Harris,7,Dragon,Battle cry,Base,12,19,20
750,Jody Brown,1,Dragon,Battle cry,Base,8,14,25
751,Gabrielle Lin,9,Murloc,Overkill,Epic,1,4,7
752,Deborah Villa,10,Demon,Stealth,Base,13,5,5
753,Michael Kim,13,Demon,Lifesteal,Legendary,13,20,21
754,Denise Coleman MD,1,Totem,Battle cry,Legendary,18,10,9
755,Natalie Hester,11,Totem,Overkill,Common,10,11,2
756,Jeffery Dawson,2,Beast,Mega windfury,Rare,12,14,14
757,Christopher Gates,13,Pirat,Mega windfury,Base,16,12,7
758,Larry Wolfe,14,Elemental,Overkill,Base,19,6,24
759,Andrew Skinner,12,Murloc,Lifesteal,Base,11,14,23
760,Eric Alvarez,15,Demon,Windfury,Common,9,9,19
761,Paul Lynn,7,Demon,Battle cry,Common,3,18,11
762,Andrew Mitchell,8,Beast,Stealth,Common,8,16,2
763,Crystal Gibson,7,Demon,Mega windfury,Common,18,7,15
764,John Collins,1,Pirat,Stealth,Rare,11,5,15
765,John Baker,9,Pirat,Taunt,Common,14,12,20
766,Dana Garcia,6,Pirat,Taunt,Rare,10,12,13
767,Joshua Holmes,8,Beast,Rush,Common,7,11,21
768,Spencer Chan,1,Murloc,Windfury,Common,4,20,12
769,Herbert Mclaughlin,7,Pirat,Stealth,Common,4,9,9
770,Anthony Mcdaniel,4,Murloc,Taunt,Epic,17,11,1
771,Dr. James Grant,4,Totem,Non-target,Rare,6,11,12
772,Christina Scott,7,Pirat,Divine shield,Rare,2,8,1
773,Stephanie Frazier,2,Beast,Stealth,Legendary,6,18,9
774,Destiny Ross,3,Dragon,Overkill,Common,9,2,23
775,Riley Haas,10,Murloc,Deathrattle,Legendary,12,2,14
776,Rachel Walsh,12,Elemental,Windfury,Legendary,7,15,21
777,Ronald Blake,3,Murloc,Lifesteal,Legendary,2,10,3
778,Miguel Vaughn,8,Dragon,Divine shield,Legendary,1,2,22
779,Lori Morales,13,Demon,Mega windfury,Rare,15,2,6
780,Michael Reed,10,Mechanism,Stealth,Common,12,16,4
781,Rachael Mitchell,5,Totem,Non-target,Base,1,17,19
782,James Alexander,2,Beast,Divine shield,Base,9,7,0
783,Ashley Watts,3,Mechanism,Mega windfury,Base,4,14,2
784,Juan Weber,3,Dragon,Mega windfury,Common,14,5,12
785,Thomas Park,9,Murloc,Windfury,Base,1,12,6
786,Rachel Donaldson DDS,8,Beast,Poisonous,Base,18,1,0
787,Regina Jones,15,Murloc,Overkill,Base,20,2,19
788,Steven Marquez,10,Beast,Divine shield,Legendary,17,15,9
789,Robert Hunt,9,Elemental,Windfury,Legendary,4,19,3
790,John Patterson,13,Mechanism,Windfury,Epic,9,14,12
791,John Holmes,11,Elemental,Non-target,Epic,18,6,21
792,Dale Cobb,8,Elemental,Non-target,Epic,5,12,2
793,Tracy Martin,8,Totem,Divine shield,Epic,15,20,21
794,Chad Gray,5,Dragon,Battle cry,Epic,1,10,13
795,William Davis,11,Elemental,Windfury,Epic,14,19,25
796,Eric Taylor,5,Murloc,Overkill,Legendary,12,6,4
797,Jill Perez,9,Mechanism,Divine shield,Epic,9,1,23
798,Amanda Doyle,6,Demon,Deathrattle,Legendary,16,18,13
799,Stephen Callahan,4,Elemental,Overkill,Base,13,9,25
800,Mark Hamilton,10,Dragon,Mega windfury,Epic,6,6,0
801,Linda Fry,4,Totem,Stealth,Legendary,12,20,14
802,Susan Fowler,11,Elemental,Deathrattle,Epic,14,10,9
803,Krystal Valdez,2,Demon,Non-target,Base,13,7,4
804,Jennifer Thornton,9,Beast,Battle cry,Rare,16,14,12
805,Shawn Parrish,14,Pirat,Non-target,Rare,16,19,16
806,David Novak,13,Pirat,Overkill,Rare,15,15,20
807,John Shaw,14,Beast,Rush,Common,6,8,20
808,Jason Archer,13,Totem,Deathrattle,Epic,5,1,17
809,Gary Mccormick,6,Murloc,Taunt,Common,17,10,10
810,Jacob Gonzalez,10,Totem,Poisonous,Epic,13,13,10
811,Megan Stark,10,Murloc,Deathrattle,Rare,9,1,13
812,Patrick Gillespie,4,Dragon,Non-target,Epic,14,11,17
813,Miss Teresa Gonzalez DDS,4,Totem,Battle cry,Legendary,15,17,16
814,Erik Lozano,11,Dragon,Divine shield,Epic,13,1,4
815,Jason Madden,9,Pirat,Battle cry,Epic,10,4,17
816,Nathaniel Lynch,9,Murloc,Divine shield,Rare,13,10,24
817,Sarah Turner,12,Beast,Windfury,Legendary,1,9,25
818,Teresa Jenkins,8,Totem,Mega windfury,Base,12,11,14
819,David Mccarthy,6,Pirat,Lifesteal,Rare,1,2,14
820,Jennifer Sherman,11,Totem,Overkill,Epic,14,4,9
821,Matthew Lee,10,Demon,Windfury,Base,9,4,8
822,Rachel Jacobs,7,Beast,Deathrattle,Base,2,18,5
823,Anthony Ward,15,Pirat,Mega windfury,Common,15,3,18
824,Shirley French,10,Pirat,Lifesteal,Legendary,11,11,25
825,Dr. Ashley Clark,11,Totem,Rush,Common,2,12,3
826,Michael Ross,15,Totem,Battle cry,Legendary,20,18,19
827,John Richards,11,Elemental,Rush,Rare,4,5,18
828,David Bean DDS,7,Elemental,Battle cry,Common,6,15,15
829,Mr. Stephen Hunt,6,Demon,Rush,Base,10,9,9
830,Jason Martinez,4,Pirat,Mega windfury,Common,16,5,6
831,Tracy Riggs,12,Beast,Divine shield,Epic,13,17,0
832,Heidi Brown,4,Dragon,Deathrattle,Legendary,4,16,1
833,Wyatt Cruz,12,Totem,Deathrattle,Epic,1,0,21
834,Christopher Irwin,8,Murloc,Stealth,Rare,18,1,9
835,Christopher Welch,7,Murloc,Stealth,Epic,11,8,2
836,Stacy Simon,9,Murloc,Rush,Base,20,4,15
837,Tyler Miller,4,Beast,Rush,Epic,9,1,22
838,Caitlin Waller,3,Totem,Windfury,Legendary,13,11,6
839,Heather Henson,9,Mechanism,Taunt,Rare,14,13,8
840,Sabrina Young,14,Dragon,Battle cry,Rare,6,16,11
841,Kristen Maxwell,5,Demon,Lifesteal,Epic,12,12,9
842,Patricia Hayes,13,Murloc,Non-target,Epic,13,14,22
843,Angela Cooper,9,Murloc,Windfury,Base,11,16,19
844,Thomas Houston,9,Beast,Rush,Common,19,18,7
845,Maria Brooks,9,Totem,Windfury,Common,9,14,2
846,Carl Robles,14,Dragon,Taunt,Base,18,9,6
847,Amanda Reynolds,13,Mechanism,Divine shield,Rare,1,4,3
848,Edward Schwartz,3,Beast,Stealth,Base,13,18,6
849,Paul Bridges,3,Demon,Divine shield,Rare,17,9,7
850,Tyler Reilly,4,Pirat,Battle cry,Base,12,1,21
851,Christopher Weber,10,Mechanism,Battle cry,Rare,5,10,23
852,Damon Johnson,13,Elemental,Divine shield,Rare,16,19,14
853,Lisa Ortiz,10,Murloc,Stealth,Legendary,20,7,4
854,Craig Herring,10,Mechanism,Lifesteal,Rare,2,11,17
855,Timothy Myers,5,Murloc,Windfury,Legendary,17,19,22
856,Aimee Barnett DDS,6,Totem,Divine shield,Common,5,20,16
857,Brooke Lara,6,Mechanism,Stealth,Epic,10,20,5
858,Matthew Smith,1,Murloc,Non-target,Epic,1,17,4
859,Haley Diaz,10,Murloc,Divine shield,Legendary,10,10,13
860,Adrienne Bailey,13,Elemental,Poisonous,Legendary,18,7,10
861,Lori Vargas,10,Pirat,Rush,Base,16,11,25
862,Ms. Emily Mayer,15,Demon,Battle cry,Common,15,13,5
863,Janice Myers,5,Mechanism,Mega windfury,Base,10,0,20
864,Catherine Allen,15,Pirat,Stealth,Base,4,2,0
865,Melissa Hansen,11,Demon,Overkill,Rare,4,11,18
866,Charlene Aguirre,10,Dragon,Stealth,Legendary,15,8,3
867,Nicholas Cruz,15,Demon,Windfury,Base,6,3,5
868,Chad King,2,Elemental,Divine shield,Common,18,17,24
869,Alexis Barrett,15,Demon,Lifesteal,Epic,10,5,2
870,Erika Nielsen,13,Elemental,Overkill,Epic,17,18,4
871,Denise Garcia,10,Demon,Poisonous,Rare,19,18,20
872,Kevin Clayton,2,Dragon,Battle cry,Legendary,13,3,6
873,Wanda Flores,13,Mechanism,Divine shield,Epic,3,13,18
874,Dana Burch,12,Pirat,Overkill,Rare,6,6,21
875,Laura Taylor,7,Mechanism,Stealth,Rare,12,14,2
876,Mary Johnson,9,Murloc,Taunt,Legendary,17,2,15
877,Jeffrey Sparks,2,Murloc,Divine shield,Rare,9,2,25
878,Erica Fletcher,13,Murloc,Overkill,Base,12,15,23
879,Kaitlin Brooks,1,Mechanism,Mega windfury,Epic,5,15,2
880,Eric Walker,6,Beast,Overkill,Common,14,8,5
881,Cynthia Flynn,14,Beast,Mega windfury,Common,9,14,4
882,Roberta Hall,4,Elemental,Non-target,Legendary,4,2,14
883,Yvette Johnson,13,Dragon,Poisonous,Legendary,11,11,4
884,Melissa Alexander,2,Pirat,Stealth,Legendary,14,14,23
885,Rebecca Edwards,15,Mechanism,Battle cry,Base,1,18,8
886,Luke Shepherd,4,Dragon,Mega windfury,Legendary,2,19,8
887,Scott Roberts,8,Beast,Mega windfury,Epic,14,6,8
888,Patricia Melton,9,Murloc,Battle cry,Legendary,14,17,17
889,Kevin Chavez,14,Elemental,Taunt,Base,5,17,8
890,Thomas Hart,2,Pirat,Divine shield,Base,4,1,1
891,Megan Singh,10,Beast,Poisonous,Rare,6,10,11
892,Kelly Rangel,1,Mechanism,Divine shield,Base,8,19,22
893,Anthony Velez,7,Beast,Non-target,Legendary,13,14,22
894,Nicole George,3,Demon,Poisonous,Base,19,5,12
895,Steven Howard,9,Totem,Battle cry,Common,19,9,5
896,Darryl Roberts,9,Totem,Divine shield,Common,12,8,25
897,Jennifer Boyer,5,Beast,Divine shield,Base,20,13,6
898,Raymond Dickerson,10,Totem,Overkill,Base,13,16,5
899,Maria Evans,5,Elemental,Rush,Rare,13,20,18
900,Eric Stewart,8,Murloc,Non-target,Legendary,10,9,13
901,Linda Rodriguez,15,Dragon,Non-target,Common,3,0,19
902,Bonnie Kramer,10,Beast,Rush,Rare,19,19,11
903,Lucas Bradley,15,Demon,Divine shield,Base,3,6,1
904,Allison Snow,12,Murloc,Mega windfury,Rare,12,5,23
905,Jonathan Walker,13,Elemental,Deathrattle,Rare,8,0,10
906,Joshua Webb,11,Murloc,Overkill,Legendary,12,15,20
907,Joseph Adams,12,Pirat,Non-target,Epic,6,11,24
908,Andrew Washington,7,Pirat,Divine shield,Base,4,20,17
909,Amber Flores,11,Murloc,Stealth,Base,4,10,6
910,Sierra Bryan,1,Dragon,Non-target,Base,8,5,21
911,Ashley Fisher,2,Mechanism,Lifesteal,Legendary,19,9,15
912,Jacob Rowland,3,Mechanism,Windfury,Legendary,20,0,12
913,Melissa Dennis,8,Pirat,Deathrattle,Legendary,7,12,18
914,Joseph Owens,7,Demon,Taunt,Base,14,20,17
915,Katherine Arnold,3,Elemental,Poisonous,Legendary,6,19,6
916,Patrick Dodson,11,Demon,Lifesteal,Rare,9,1,21
917,Michelle Greer,3,Mechanism,Battle cry,Common,19,19,2
918,Samuel Thomas,13,Mechanism,Poisonous,Base,2,6,12
919,Stephen Andrews,7,Beast,Windfury,Rare,2,0,7
920,Erica Maldonado,2,Mechanism,Windfury,Rare,13,5,3
921,Jessica Haynes,8,Demon,Taunt,Epic,8,2,19
922,Andre Johnson,6,Murloc,Stealth,Common,9,1,1
923,Taylor Thompson,15,Dragon,Windfury,Epic,3,15,8
924,Teresa Harrison,13,Dragon,Windfury,Common,14,7,0
925,Gerald Cummings,7,Mechanism,Non-target,Base,1,13,8
926,Zachary Jones,14,Mechanism,Battle cry,Rare,7,2,25
927,Daniel Neal,4,Mechanism,Mega windfury,Legendary,3,7,12
928,Johnny Riggs,5,Demon,Mega windfury,Rare,5,3,13
929,Sarah Baker,14,Totem,Windfury,Common,4,9,6
930,Samuel Perez,8,Mechanism,Battle cry,Epic,7,7,24
931,Karen Franklin,3,Mechanism,Non-target,Common,3,14,24
932,Megan Bowen,12,Mechanism,Battle cry,Common,6,10,23
933,Mr. Joseph Stone,7,Mechanism,Windfury,Epic,3,18,23
934,Jason Nguyen,6,Pirat,Lifesteal,Base,2,12,20
935,Jason Bell,7,Murloc,Rush,Epic,18,1,23
936,Blake Fisher,6,Murloc,Lifesteal,Epic,16,2,1
937,Melody Estes,12,Beast,Stealth,Rare,13,11,20
938,Ryan Trevino,11,Pirat,Lifesteal,Common,20,18,15
939,Yvonne Ford,8,Totem,Deathrattle,Base,18,1,10
940,Cody Clark,11,Demon,Deathrattle,Rare,1,16,16
941,Caleb Malone,15,Beast,Non-target,Epic,8,17,0
942,Robin Wagner,14,Beast,Non-target,Legendary,13,0,11
943,Anita Smith,14,Dragon,Taunt,Base,3,19,18
944,Anna Bailey,14,Totem,Lifesteal,Base,17,3,12
945,Elizabeth Nunez,3,Beast,Overkill,Common,12,1,5
946,Bruce Edwards,5,Pirat,Rush,Base,18,14,18
947,Cindy Barnett,14,Beast,Rush,Common,19,7,12
948,Diane White,15,Mechanism,Lifesteal,Common,1,20,17
949,Sherri Murray,3,Totem,Battle cry,Epic,1,17,24
950,Jose Nelson,7,Elemental,Non-target,Base,13,14,23
951,Dr. Charles Moody MD,2,Dragon,Rush,Epic,19,6,0
952,Travis Rivera,5,Dragon,Windfury,Epic,13,19,7
953,Shelly Thompson,1,Totem,Lifesteal,Common,20,20,5
954,Mary Winters,10,Beast,Divine shield,Epic,7,20,22
955,Robert Ramirez,14,Beast,Rush,Legendary,2,12,0
956,James Johnson,9,Mechanism,Divine shield,Rare,9,5,17
957,Timothy White,12,Totem,Non-target,Base,15,2,23
958,Todd Byrd,7,Totem,Rush,Epic,6,16,21
959,Lisa Barnes,4,Demon,Rush,Base,17,5,17
960,Lindsay Duke,9,Totem,Deathrattle,Base,2,19,13
961,Jordan Smith,9,Totem,Lifesteal,Rare,13,8,8
962,Brandon Garcia,8,Mechanism,Non-target,Rare,8,18,24
963,Ronald Yates,2,Beast,Non-target,Epic,15,0,7
964,Tammy Day,6,Beast,Deathrattle,Rare,17,0,14
965,Sarah Arroyo,15,Demon,Deathrattle,Epic,1,15,10
966,John Richards,10,Totem,Poisonous,Legendary,3,18,4
967,Douglas Walter,1,Dragon,Deathrattle,Rare,2,0,1
968,Sharon Santana,9,Dragon,Battle cry,Epic,1,3,12
969,Tracy Delgado,3,Dragon,Windfury,Rare,19,9,16
970,Trevor Cooper,7,Murloc,Deathrattle,Legendary,12,12,8
971,Lauren Russell,10,Totem,Battle cry,Common,8,12,18
972,Michael Walker,14,Mechanism,Rush,Rare,19,4,15
973,Amanda Abbott,7,Pirat,Non-target,Epic,9,4,20
974,Jordan Choi,5,Demon,Stealth,Rare,19,6,24
975,Marie Martinez,7,Pirat,Lifesteal,Base,7,5,0
976,Lisa Schneider,1,Mechanism,Windfury,Base,17,20,2
977,Caitlin Stephens,5,Elemental,Rush,Rare,11,1,20
978,Patricia Garcia,5,Demon,Overkill,Legendary,4,8,24
979,Trevor Ray,6,Demon,Poisonous,Base,7,0,5
980,Megan Beck,11,Demon,Stealth,Epic,3,4,5
981,Amanda May,3,Mechanism,Stealth,Epic,18,3,23
982,Adrian Curtis,6,Mechanism,Divine shield,Rare,20,5,5
983,Warren Garner,6,Totem,Deathrattle,Base,13,8,1
984,Tony Matthews,4,Beast,Overkill,Legendary,3,5,23
985,Bailey Williams,9,Demon,Battle cry,Common,18,8,25
986,Robert Thomas,7,Totem,Non-target,Common,4,12,1
987,Laura Cohen,2,Elemental,Lifesteal,Epic,9,14,23
988,Kimberly Leach,9,Mechanism,Windfury,Legendary,20,6,25
989,Bradley Matthews,11,Murloc,Poisonous,Epic,7,5,9
990,Joe Mitchell,6,Dragon,Stealth,Legendary,17,15,19
991,Miss Carla Harper,14,Murloc,Taunt,Common,2,1,13
992,Jeremy Brady,5,Murloc,Rush,Epic,18,7,4
993,Cindy Jones,8,Beast,Mega windfury,Epic,17,10,2
994,Kyle Flores,4,Dragon,Windfury,Common,19,16,5
995,Shannon Duran,10,Murloc,Lifesteal,Common,1,7,23
996,Tonya Hernandez,13,Demon,Overkill,Rare,2,8,10
997,Linda Williamson,7,Dragon,Divine shield,Legendary,6,1,23
998,Erin Adkins,11,Murloc,Mega windfury,Base,12,5,17
999,Justin Blair,6,Dragon,Non-target,Legendary,8,3,2
1000,Theresa Kelley,14,Mechanism,Stealth,Epic,19,8,20
